Item,Cost Center,Frequency,Total Revenue
FRUIT CUPS,Hospital A,2919,24841.740060806274
ENTREE 4.29,Hospital B,5607,23938.199787139893
QUESADILLA MEAT,Hospital B,2324,22554.05943775177
BURGER CHEESE,Hospital B,2466,20468.700053691864
MIX IT UP SALAD,Hospital B,2459,18960.269456863403
ENTREE 4.99,Hospital B,1168,17754.419185638428
SIDE 1.29,Hospital B,10332,16603.589509010315
ENTREE 4.79,Hospital B,3127,15222.61987876892
SMARTWATER 1L,Hospital B,1102,14850.899982452393
BURGER,Hospital B,1858,14045.73985862732
TACO BAR,Hospital A,584,13567.019611358643
BREAKFAST TACO,Hospital B,3560,13333.409817695618
CARVED DELI SHL,Hospital A,1435,11162.029680252075
COFFEE 12OZ,Hospital B,2914,11052.719917058945
ADD A BEVERAGE $1,Hospital A,10611,10949.0
WATER SMARTWATER 20OZ,Hospital B,2841,9629.0401968956
CARVED-DELI,Hospital B,1179,9215.709741592407
BACON 3 SLICES,Hospital B,3786,8752.579821109772
SAUSAGE PATTY,Hospital B,2562,8624.93974494934
BVC -TOPOCHICO MINERAL WATER-20OZ,Hospital B,3605,8624.139856338501
COFFEE 16OZ,Hospital B,1972,8131.959844112396
ENTREE 5.99,Hospital B,624,8014.6196937561035
FRIES,Hospital B,3881,7928.160035848618
SALMON ENTRÃ‰E,Hospital B,1124,7709.969747543335
HOME FRIES,Hospital B,2917,7647.119773864746
TOPO CHICO TWIST OF LIME 20OZ,Hospital B,3065,7513.489874839783
EGGS,Hospital B,6406,7423.99022424221
TOPO CHICO TWIST OF GRAPEFRUIT 20OZ,Hospital B,3092,7346.319877624512
TATOR TOTS,Hospital A,2585,6492.31996679306
ENT -PREMIUM SIDE 1.39,Hospital B,4211,6298.089936494827
QUESADILLA CHEESE,Hospital B,1076,6265.300176143646
GRILLED CHEESE,Hospital B,1152,5962.179802894592
STIR FRY,Hospital A,260,5920.58983039856
CHICKEN TENDERS 3,Hospital B,1593,5646.249939203262
BISCUIT W/GRAVY,Hospital B,1331,5521.900031805038
MEDITERRANEAN,Hospital B,687,5377.269845962524
SIDE 1.99,Hospital B,2458,5070.520023345947
TAILGATE.,Hospital B,652,5065.659854888916
OMELET,Hospital B,1229,4911.690012216568
CHICKEN TENDER BASKET,Hospital A,1149,4650.330173492432
FRESH FRUIT,Hospital B,1143,4560.570011138916
GOURMET CAKE,Hospital B,1679,4467.060012817383
BEYOND BURGER,Hospital A,214,4424.669855117798
2 FOR 2.49,Hospital A,888,4363.43998003006
BISCUIT,Hospital B,1721,3793.6800365448
BAKED SWEET POTATO,Hospital B,475,3741.200017929077
BOTTLE COKE DIET 20OZ,Hospital B,984,3651.479972600937
SUPERFOOD SALAD,Hospital A,476,3452.8898944854736
DASANI WATER 20OZ,Hospital B,2225,3283.9600195884705
SABOR CAFE,Hospital B,444,3259.919906616211
SOUP 12OZ,Hospital A,604,3254.9000692367554
PHILLY,Hospital B,214,3227.9599075317383
BOTTLE DR. PEPPER 20OZ,Hospital B,929,3216.7799756526947
SMALL GARDEN SALAD,Hospital A,532,3163.4200100898743
SALAD CHEF,Hospital A,435,3160.7799034118652
ASIAN MIX IT UP,Hospital A,407,3124.089910507202
RICE KRISPIES,Hospital A,372,3104.4000129699707
SANDWICH CHICKEN BREAST,Hospital B,792,3092.550083398819
ENTREE 4.49,Hospital A,689,3080.1398429870605
COFFEE 20OZ,Hospital B,643,3041.1199493408203
FRIES SWEET POTATO,Hospital B,714,3013.779876232147
J&O CHICKEN BLT,Hospital B,253,2686.939884185791
ONION RINGS,Hospital B,1332,2658.6400125026703
GREEK BOWL,Hospital A,359,2604.7399253845215
STIR FRIDAY,Hospital B,343,2564.7899265289307
SOUP 8 OZ,Hospital B,1276,2547.2000122070312
SPECIALITY EGGS,Hospital A,1041,2542.2900097370148
BREAKFAST SANDWICH,Hospital A,662,2540.170068502426
PANCAKE 1,Hospital B,695,2521.080011844635
CORE POWER HP MILK SHAKE CHOC 14 OZ,Hospital B,587,2482.6300926208496
TACO BAR COMBO,Hospital A,133,2337.3999404907227
ENTREE 4.59,Hospital A,254,2322.5400772094727
WHOLE AVOCADO,Hospital A,571,2280.459951400757
PASTA BOWL,Hospital A,256,2229.5199432373047
YOGURT CUPS,Hospital A,371,2176.720006942749
CHICKEN BREAST GRILLED,Hospital B,588,2009.9899718761444
SALAD CAESAR,Hospital A,377,1987.3799171447754
CHOC BAG 2.99,Hospital A,661,1979.3800065517426
REFRIED BEANS,Hospital B,1595,1962.1499816179276
POWER BOWL,Hospital A,251,1933.5799446105957
HARD BOILED EGG,Hospital B,432,1906.6199436187744
BROWNIES,Hospital A,468,1866.620008945465
PASTA BOWL COMBO,Hospital A,97,1818.1799583435059
COKE ZERO BOTTLE 20 OZ,Hospital B,986,1806.8399866819382
GRILL TOPPINGS,Hospital B,1274,1769.8799476623535
GRILLED HAM & CHEESE,Hospital B,289,1747.819986820221
BOTTLE DR. PEPPER DIET 20OZ,Hospital B,969,1714.2299871444702
HASH BROWNS,Hospital B,624,1630.5599517822266
ADD BURGER PATTY,Hospital B,568,1533.8400058746338
BOTTLE GOLD PEAK UNSWEETENED ICED TEA 18.5OZ,Hospital B,617,1507.3799500465393
BURGER VEGGIES,Hospital B,448,1479.8200175762177
CUCINA ITALIANO,Hospital B,191,1470.1599578857422
RED BULL SF 12OZ,Hospital A,356,1420.4400033950806
PASTA STATION,Hospital B,194,1414.229959487915
ENTREE PASTA,Hospital A,231,1383.689947128296
BURGER TURKEY,Hospital B,350,1366.0600509643555
CHICKEN CAESAR WRAP,Hospital B,248,1361.5199432373047
BACON 1 SLICE,Hospital B,1398,1327.5599946975708
EGG SCRAMBLE,Hospital B,387,1280.4300198554993
COOKIES,Hospital A,784,1273.5900266170502
BOTTLE SPRITE 20OZ,Hospital B,357,1258.7399904727936
ENT-BAKED POTATO,Hospital B,616,1253.049978017807
OATMEAL SMALL,Hospital A,642,1251.3600120544434
LARGE M&M COOKIE,Hospital B,595,1245.740005016327
WATER SMARTWATER ALKALINE 33.8OZ,Hospital B,417,1245.5900452136993
BOTTLE COKE,Hospital B,686,1234.16999065876
HOT DOG,Hospital B,439,1214.7099599838257
NOODLES,Hospital A,162,1214.479965209961
WRAP SOUTHWEST CHICKEN,Hospital B,203,1203.989953994751
CHEETOS CRUNCHY,Hospital B,449,1184.8600175380707
WATER SMARTWATER ANTI OX 33.8OZ,Hospital B,381,1147.330040693283
FRUIT WHOLE,Hospital A,706,1140.7600288391113
BUDDHA BOWL,Hospital A,70,1118.599967956543
AHA-CITRUS& G. TEA,Hospital B,529,1094.5000040531158
RIP VAN WAFEL CARAMEL VANILLA,Hospital A,133,1084.8000316619873
GRL-TURKEY BURG,Hospital B,157,1083.4499645233154
TACO TUESDAY,Hospital B,163,1066.5499668121338
PIZZA 1 SLICE MEAT,Hospital B,285,1048.2799756526947
SANDWICH PBJ GRANOLA,Hospital B,204,1012.9699535369873
WATER VITAMINWATER XXX 20OZ,Hospital B,246,1007.3799586296082
IMP-TGF CASHEWS 4OZ,Hospital A,190,999.1799583435059
NOODLE SHOP,Hospital B,126,998.7499713897705
PIZZA CHEESE SLICE,Hospital B,267,970.5499887466431
J&O -SANDWICH TURKEY & PROVOLONE ON 12 GRAIN,Hospital B,171,966.2399597167969
BVC-RED BULL TROPICAL,Hospital A,237,949.6200022697449
ENTREE 9.99,Hospital B,107,929.0699787139893
GRIL LVEGGIE QUESADILLA,Hospital A,238,921.6900022029877
DARK CHOCOLATE ALMONDS 5.5 OZ,Hospital A,158,916.4699649810791
CHIP LAYS BBQ,Hospital B,308,892.3799910545349
SANDWICH TUNA SALAD 12 GRAIN,Hospital B,164,885.8599624633789
SANDWICH TURKEY & SWISS ON CROISSANT,Hospital B,128,880.7399711608887
SANDWICH EGG SALAD,Hospital B,170,835.2899651527405
BOTTLEAHA SPARKLING BERRY/POM,Hospital B,415,829.8300039768219
MINUTE MAID ORANGE NO PULP,Hospital B,462,812.6999938488007
WRAP BUFFALO CHICKEN,Hospital B,155,778.4399642944336
BOILED EGG CUP,Hospital A,264,777.4000024795532
WRAP THE BIG ITALY,Hospital B,156,773.4499645233154
TUKEY PROVOLONE,Hospital B,136,746.6399688720703
MUFFIN SANDWICH,Hospital B,226,744.6899793148041
CAN RED BULL ENERGY DRINK SUGAR FREE 8.4OZ,Hospital A,231,741.5200026035309
SALAD THE DELICIOUS SPINACH,Hospital B,102,741.5099773406982
GREEK BOWL COMBO,Hospital A,90,737.1799812316895
SANDWICH CHICKEN SALAD ON 12 GRAIN,Hospital B,133,724.6799697875977
CORE POWER HP MILK SHAKE VAN 14 OZ,Hospital B,164,703.4800262451172
GOLD PEAK TEA,Hospital B,105,693.8699884414673
CHORIZO,Hospital B,297,691.5799884796143
CEREAL HOT 8OZ,Hospital B,685,690.03000664711
WRAP ROASTED TURKEY ON TOMATO BASIL,Hospital B,135,678.6399688720703
ADD A COOKIE,Hospital A,652,676.0
POPCORN SMARTFOOD WHITE CHEDDAR,Hospital B,397,659.3799991607666
IMPOSSIBLE BURGER ALONE,Hospital B,111,658.899974822998
DESSERT OREO DELIGHT,Hospital B,199,657.9999923706055
IMP-CANDY BAR,Hospital B,420,654.0299806594849
BOTTLEAHA SPARKLING LM/WATERMELOM,Hospital B,326,646.7500030994415
THINK THIN PUMKPIN SPICE,Hospital B,171,639.7800014019012
MICHEL ET AUGUSTINCARAMEL,Hospital A,170,631.6799926757812
BOTTLE COKE CHERRY 20OZ,Hospital B,334,609.2599948644638
CHIP DORITOS NACHO CHEESE,Hospital B,403,594.9199937582016
SOUP 16OZ,Hospital A,193,592.0200021266937
SALAD CHICKEN CAESAR,Hospital B,78,591.709981918335
CHIP DORITO COOL RANCH 1.74OZ,Hospital B,402,575.4599941968918
CHIP LAYS SR CRM ONION,Hospital B,385,554.6099942922592
BROOKSIDE POMEGRANATE,Hospital A,111,536.4799957275391
ASIAN MIX IT UP COMBO,Hospital A,64,530.4099864959717
BROOKSIDE ACAI & BLUEBERRY,Hospital A,112,526.899995803833
CAN RED BULL ENERGY DRINK SF 8.4OZ,Hospital A,157,523.2500019073486
TOASTER SANDWICH,Hospital B,107,518.9599771499634
CHIP LAYS PLAIN,Hospital B,362,518.4699947834015
BELVITA GOLDEN OAT,Hospital B,140,513.7600173950195
COMBO HALF & HALF,Hospital B,90,505.0799789428711
SNACK BOX CHICKEN SALAD SNACKER,Hospital B,91,505.0799789428711
BROOKSIDE BERRY MEDLEY,Hospital A,129,498.7500011920929
WRAP THE CLUB,Hospital B,99,494.00997734069824
DESSERT VANILLA GODDESS,Hospital B,140,490.2099943161011
CARNIVAL NACHOS,Hospital A,73,489.2999839782715
MIX IT UP COMBO,Hospital A,66,485.45998764038086
MINUTE MAID APPLE 12 OZ.,Hospital B,254,480.05999648571014
MINUTE MAID CRANBERRY GRAPE,Hospital B,262,480.05999636650085
WRAP QUINOA & VEGGIE,Hospital B,95,469.0599784851074
BOTTLE GOLD PEAK SWEETENED ICED TEA 18.5OZ,Hospital B,195,466.19998478889465
MIGAS,Hospital B,119,465.09000635147095
SANDWICH PESTO CHICKEN SALAD ON CROISSANT,Hospital B,78,461.22998237609863
POWER BOWL COMBO,Hospital A,55,458.48998832702637
SMART WATER,Hospital B,73,445.0600161552429
FRENCH TOAST,Hospital B,228,444.819993019104
CHIPS MISS VICKIES SEA SALT VIN 1 3/8OZ,Hospital B,311,443.4099954366684
WATER VITAMINWATER FOCUS KIWI STRAW 20OZ,Hospital B,111,443.07998180389404
GOLD PEAK-EXTRA SWEET,Hospital B,181,442.88998532295227
DESSERT STRAWBERRY SHORTCAKE,Hospital B,133,437.56999492645264
SIMPLY TUNA,Hospital B,86,424.14998054504395
DANISH REGULAR,Hospital B,45,421.5900013446808
CHILI DOG,Hospital A,133,421.1199951171875
BREAKFAST SPECIAL 2,Hospital B,109,418.95000100135803
BARK THINS ALMOND,Hospital A,83,414.1699810028076
PARFAIT YOGURT STRAWBERRY & VANILLA,Hospital B,93,413.0799789428711
2 FOR $2,Hospital B,213,412.0
NABISCO OREO,Hospital B,285,402.47998809814453
AUTUMN DELIGHT,Hospital A,28,399.4999885559082
SALAD CHEF W/ RANCH,Hospital B,55,396.9699878692627
BAR CLIFF BUILDERS CHOCOLATE CHIP,Hospital A,54,390.8800015449524
CINNAMON PECANS,Hospital A,43,389.2199821472168
SNACK BOX 2,Hospital B,101,387.0300009250641
CHIPS MISS VICKIES JAL 1 3/8OZ,Hospital B,274,385.0299963951111
PIZZA PERSONAL MEAT,Hospital B,81,383.1999969482422
IMP_ AWAKE CHOCO BAR,Hospital A,134,375.54998803138733
FSTG TORTILLA CHIPS JALAPENO,Hospital B,205,372.26999962329865
RIP VAN WAFEL CHOC,Hospital A,97,362.7300109863281
BAR THATS IT APPLE/STRAWBERRY,Hospital A,101,358.60999584198
MONSTER ENERGY ZERO ULTRA,Hospital A,123,357.41998839378357
CHEETOS FLAMIN HOT,Hospital B,236,354.4499965906143
SALAD FARMSTAND,Hospital B,48,352.0299892425537
"GHIRARDELLI INTENSE DARK CHOCOLATE ""TWILIGHT",Hospital A,200,345.5100018978119
ADD A 12OZ COFF,Hospital A,222,340.26000714302063
PUMPKIN MUFFIN,Hospital A,86,338.30000162124634
OATMEAL LARGE,Hospital A,107,338.0000114440918
SANDWICH HAM & CHEDDAR,Hospital B,53,335.4399871826172
CLIF BAR PUMPKIN PIE,Hospital A,89,333.869992017746
BEANFEILDS JALAPENO,Hospital B,139,333.2299916744232
MICHEL ET AUGUSTINHAZELNUT,Hospital A,91,332.28999614715576
IMP-PEACH RINGS SQAURES,Hospital A,127,331.5199890136719
MARICH CHOCOLATE ESPRESSO BEANS,Hospital A,117,330.87000703811646
AWAKE BAR CARAMEL,Hospital A,134,330.2199866771698
SALAD LIL CAESAR,Hospital B,67,329.3399848937988
BLUEBERRY AND GRANOLA PARFAIT,Hospital B,82,327.18000078201294
CANDY REESE PEANUT BUTTER CUPS,Hospital B,250,326.6799907684326
GARLIC KNOTS,Hospital A,118,325.25999665260315
AHA-ORANGE& GRPFRUIT,Hospital B,164,324.37000155448914
BREAD .99,Hospital B,296,322.74000310897827
SANDWICH TURKEY & CHEDDAR BLT,Hospital B,63,321.389986038208
EGG SALAD SANDWICH,Hospital A,20,319.20000076293945
FRITO CORN CHIPS,Hospital B,261,318.920015335083
BEANFIELDS PICO DE GALLO,Hospital B,128,315.9199901819229
BLT,Hospital B,109,315.81000566482544
AWAKE BAR,Hospital A,130,315.5899875164032
BARK THINS PRETZEL,Hospital A,63,314.36998558044434
SNACK BOX PROTEIN SNACK BOX,Hospital B,59,312.92998695373535
BEAN & CHEESE TACO,Hospital A,115,311.8499995470047
CHIP BAKED LAYS PLN,Hospital B,203,311.3599967956543
RECHARGECOOKIE,Hospital B,133,304.43999099731445
SNACK BOX 3,Hospital B,114,298.8000009059906
RICE KRISPIE BITES,Hospital B,168,297.13999366760254
KIT KAT BAR,Hospital B,212,295.40999126434326
ACTION CHICKEN WINGS,Hospital A,51,293.50998878479004
BAR THATS IT APPLE/BLUEBERRY,Hospital A,83,289.5199966430664
CANDY M & M PEANUT,Hospital B,215,287.6699914932251
SALAD THE SIDE,Hospital B,59,284.42998695373535
PARFAIT YOGURT BLUEBERRIES & GRANOLA,Hospital B,63,282.86998653411865
GHIRARDELLI DARK CHOCOLATE SEA SALT,Hospital A,155,279.18000197410583
NOODLES COMBO,Hospital A,33,278.6899929046631
BROWNIE,Hospital B,132,277.0899953842163
NUT HARVEST WHOLE CASHEWS,Hospital B,106,276.3900010585785
MUNCH,Hospital B,167,275.21999764442444
BAR CLIFF BUILDERS BB CRISP,Hospital A,36,272.22000074386597
OAK FARMS WHOLE 8OZ,Hospital B,222,272.2000058889389
MISS VICKIES ORIG,Hospital B,192,271.0499972105026
OATMEAL MEDIUM,Hospital A,198,270.3000056743622
GUMMY BEARS,Hospital A,25,265.6399955749512
SANDWICHGREEK CHICKENPITA,Hospital A,38,265.61999130249023
OAK FARMS-2%,Hospital B,216,262.35000252723694
WATER VITAMINWATER ZERO MULTI V 20OZ,Hospital B,126,259.15998935699463
BAKED LAYS,Hospital B,60,258.5399976968765
SNICKERS BAR,Hospital B,175,255.719992518425
ROLD GOLD PRETZELS TINY TWISTS,Hospital B,189,253.89000141620636
TOAST 1 SLICE,Hospital B,269,252.3999948501587
B&J TONIGHT DOUGH,Hospital A,35,251.6399917602539
BAR LARABAR APPLE PIE 1.6OZ,Hospital A,94,251.22999167442322
BAR KIND CARAMEL ALMOND & SEA SALT,Hospital B,79,251.16000080108643
CHICHARRONES SMOKEHOUSE BBQ,Hospital A,65,250.1399974822998
GRL-TURKEY BURG SMASH ALONE,Hospital B,49,249.4999885559082
PANCAKE SPECIAL,Hospital B,65,247.38000059127808
RED BULL 12OZ TANGERINE,Hospital A,63,247.38000059127808
CROISSANT SANDWICH,Hospital B,61,243.02000331878662
CHICHARRONES JALAPENO CHEDDAR,Hospital A,64,242.55999755859375
SAFFRON ROAD,Hospital A,77,239.20000076293945
SOFT PRETZELS,Hospital A,35,236.87999725341797
BEANFIELDS NACHO,Hospital A,92,233.09999251365662
GRILLSPECIAL7.99,Hospital B,40,231.70999336242676
BELVITA BLUE BERRY BREAKFAST BAR,Hospital B,117,230.90999507904053
SANDWICH EL CUBANO,Hospital B,37,230.6699924468994
B&J-NETFLIX & CHILLED,Hospital A,35,230.6699924468994
PUMPKIN TURNOVER,Hospital A,87,230.5099925994873
BEANFIELDS WHITE BEAN SEA SALT,Hospital A,91,230.50999236106873
WRAP SONOMA CHICKEN SALAD,Hospital B,46,229.53998947143555
WATER VITAMINWATER REVIVE FRUIT PUNCH 20OZ,Hospital A,114,225.71999073028564
BOOM CHICKA POP,Hospital A,151,225.1799978017807
STIR FRY COMBO,Hospital A,30,224.7499942779541
SALAD THE DELUXE GARDEN,Hospital B,32,223.67999267578125
MILK SILK SOYMILK VANILLA 8.25OZ,Hospital B,99,222.48000073432922
KETTLE CHIPS,Hospital A,136,221.9599952697754
HERSHEY ALMOND,Hospital B,151,221.78999412059784
DARK CHOCOLATE ENERGY BOOST,Hospital A,40,221.62999153137207
WRAP VEGGIES & RANCH,Hospital B,44,219.55998992919922
BOTTLE SPRITE ZERO 20OZ.,Hospital B,111,217.3499983549118
THINK THIN DK CHOCO PEPPERMINT,Hospital B,64,216.87000060081482
SNACK GRAPES & CHEDDAR,Hospital A,55,215.46000051498413
BOTTLE GOLD PEAK LEMON ICED TEA 18.5OZ,Hospital B,97,214.96999287605286
SNACK CUP  CHICKEN SALAD,Hospital B,42,214.56999015808105
KASHI TRAIL MIX,Hospital B,30,214.43999934196472
PUMPKIN SPICE CUPCAKE,Hospital A,103,210.94000101089478
BAR KIND CRANBERRY ALMOND,Hospital B,64,209.3000009059906
MILK SILK SOYMILK CHOCOLATE 8.25OZ,Hospital B,99,206.9600009918213
PEPPEMINT CLIFF BAR,Hospital A,52,205.91000080108643
CHICHARRONES CLASSIC CHILI & SALT,Hospital A,53,204.65999794006348
CHICKEN TENDER 1,Hospital B,149,203.9400019645691
SALAD THE GREEK,Hospital B,28,202.22999382019043
B&J FUDGE BROWNIE,Hospital A,28,195.7199935913086
RX PUMPKIN SPICE,Hospital A,38,194.6099910736084
BEANFIELDS BLACK BEAN,Hospital A,79,191.65999364852905
BVC-RED BULL CRANBERRY,Hospital A,58,191.36000061035156
BOTTLE GOLD PEAK GREEN ICED TEA 18.5OZ,Hospital B,82,183.88999390602112
CHILI CHEESE FRIES,Hospital A,70,182.30999493598938
B&J AMERICONE,Hospital A,26,181.73999404907227
KIND FRUIT NUT BB VANILLA,Hospital B,59,179.4000005722046
COOKIE NABISCO FIG NEWTON 2 CNT,Hospital B,166,179.1900017261505
FSTG TORTILLA CHIPS SWEET POTATO,Hospital B,117,176.96999847888947
CHOCOLATE CUPCAKE,Hospital A,48,175.41999626159668
CHICKEN SALAD ON WHOLE WHEAT,Hospital A,43,171.57000041007996
CAN MONSTER ENERGY 16OZ,Hospital A,34,170.93999433517456
CHICKBEAN CRISPS - SEA SALT,Hospital A,50,170.43000102043152
NUT HARVEST MIXED NUTS,Hospital B,63,169.32000064849854
YOGURT YOPLAIT STRAWBERRY,Hospital B,95,169.0000057220459
B&J- TONIGHT,Hospital A,48,167.7899980545044
SUB HAM & SWISS ON HONEY ROLL,Hospital A,31,167.7199935913086
COOKIES NUTTER BUTTER 1.9Z S S NAB,Hospital B,126,167.69999504089355
BREAKFAST BISCUIT,Hospital A,57,167.62000608444214
BVC-RED BULL BLUEBERRY,Hospital A,41,167.5800004005432
IMP- BROWNIE BRITTLE CHOCOLATE CHIP,Hospital A,44,167.52000045776367
SANDWICH KICKIN CHICKEN,Hospital B,30,164.69999313354492
DUNKIN FRENCH VANILLA,Hospital B,48,164.03000044822693
TRAIL MIX PLANTERS SPICY CAJUN 2OZ,Hospital B,61,161.8500006198883
BVC-RED BULL BLUEBERRY 8.4,Hospital A,52,161.46000051498413
MICHEL ET AUGUSTIN DARK CHOCOLATE,Hospital A,64,160.92999362945557
GRILL 4.99,Hospital B,38,159.67999267578125
BOTTLE GOLD PEAK DIET ICED TEA 18.5OZ,Hospital B,66,157.989994764328
SNACK BOX1,Hospital B,28,155.73999404907227
BEANFIELDS SPICY QUESO,Hospital B,70,155.70999681949615
VEGGIE BKFST SANDWHICH,Hospital A,56,154.62999820709229
BAR THATS IT APPLE/CHERRY,Hospital A,44,154.62999820709229
REINDEER FOOD,Hospital A,21,153.71000289916992
TGF GUMMY BEARS,Hospital A,52,152.4900004863739
TURMERIC CAKE,Hospital A,51,152.4900004863739
CORN DOG,Hospital B,64,151.1999992132187
CANTALOUPE.,Hospital B,47,150.57000041007996
TGF RECHARGE CRANBERRY BLEND,Hospital A,44,150.07000041007996
COTTAGE CHEESE CUP,Hospital A,76,149.25000071525574
B&J HALF BAKED,Hospital A,21,146.78999519348145
YOGURT YOPLAIT BLUEBERRY REG,Hospital B,83,145.34000492095947
ICE CREAM BAR COOKIE DOUGH,Hospital A,42,144.7599983215332
MINUTE MAID CRANBERRY APPLE RASPBERRY,Hospital B,79,143.63999891281128
TRUMOO CHOCOLATE MILK,Hospital B,131,143.55000138282776
SALAD SOUTHWEST CHICKEN,Hospital B,18,142.30999565124512
YOGURT YOPLAIT LT PEACH,Hospital B,43,141.96000480651855
SCONE LARGE,Hospital B,66,140.02999424934387
PUMPKIN SPICE COOKIES,Hospital A,48,139.9200029373169
BAR QUAKER CHEWY GRANOLA CHOC CHIP 0.84 OZ,Hospital B,89,139.8599967956543
YOGURT PRETZELS,Hospital A,42,139.60000038146973
B&J CHERRY GARCIA,Hospital A,24,137.76999473571777
SANDWICH CHICKEN SALAD ON WHITE,Hospital B,25,137.2499942779541
MUFFIN REGULAR,Hospital B,70,136.71000063419342
ADD CHEESE,Hospital B,257,135.73000264167786
ADD DASANI,Hospital B,141,135.6300013065338
BOTTLE BARQS ROOT BEER,Hospital A,77,134.18999898433685
GH-MAGNUM DBL CARAMEL,Hospital A,39,132.21000409126282
BROOKSIDE DARK CHOCOLATE,Hospital A,12,131.8899974822998
BREAKFAST BURRITO,Hospital A,52,131.7799949645996
RECHARGEDRINK,Hospital B,62,129.3500006198883
BAR CLIFF BUILDERS WT CHOCO MACADAMIA NUT,Hospital A,27,129.13000082969666
PRINGLES ORIGINAL,Hospital A,20,128.44000434875488
RIP VAN WAFEL COOKIES & CREAM,Hospital A,36,125.43000388145447
PLANTERS- TROPICAL FRUIT & NUT,Hospital B,58,125.37000036239624
SANDWICH BFK SOUTHERN BREAKFAST BISCUIT,Hospital B,24,124.7499942779541
BAR THINK THIN LEMON DELIGHT,Hospital B,37,124.67000031471252
GRABEEZ MEXICALI FIRE,Hospital A,31,123.69000029563904
RED BULL 12OZ,Hospital A,32,123.69000029563904
PIZZA PERSONAL CHEESE,Hospital B,28,119.34000396728516
BVC -3 FOR $3,Hospital B,43,117.0
GIANT VANILLA,Hospital A,64,116.34999752044678
YOPLAIT YOGURT LITE,Hospital B,70,111.75000071525574
DOLCETTO CHOCOLATE,Hospital A,52,110.26000022888184
SANDWICH CLASSIC ITALIAN,Hospital A,21,109.79999542236328
TORTILLA,Hospital B,132,109.7899956703186
BAR LARABAR CHERRY BAR,Hospital A,42,108.77999639511108
KLONDIKE MRS. FIELDS,Hospital A,32,108.4800033569336
CHIPS LAYS BBQ,Hospital B,74,108.41999900341034
AGUA FRESCA,Hospital B,73,107.46000051498413
RICE KRISPIES TREAT ORIGINAL,Hospital A,104,106.92000102996826
HOME FREE MINI COOKIES VANILLA,Hospital A,36,106.01999855041504
IMP -SUN CHIPS GARDEN SALSA,Hospital B,74,105.63999891281128
SALAD THE COBB,Hospital B,14,104.8599967956543
SUB THE CLUB,Hospital A,15,104.84999656677246
CHEESY FRIES,Hospital B,53,102.93000268936157
BREAD .59,Hospital B,169,102.65999549627304
PRINGLES SOUR CREAM,Hospital A,14,101.40000343322754
GH-MAGNUM ALMOND,Hospital A,36,101.15000367164612
KASHI TLC,Hospital B,68,100.61999702453613
BREAD 1.09,Hospital B,101,100.2800030708313
BOTTLE FANTA ORANGE 20OZ,Hospital B,58,100.16999924182892
DUNKIN ORIGINAL,Hospital A,28,97.72000026702881
PATTY MELT,Hospital B,30,96.92999768257141
STRAWBERRY ALMOND YOGURT PARFAIT,Hospital B,26,95.94000148773193
TURKEY AND CHEESE SANDWICH,Hospital A,13,95.76000022888184
SANDWICH BFK BURRITO CHORIZO,Hospital A,20,94.3799991607666
BROWNIE BRITTLE TOFFEE CRUNCH,Hospital A,29,94.23000025749207
CANDY LINDT LINDOR BALLS,Hospital A,51,94.01000100374222
DOLCETTO CHOCOLATE ROLLS,Hospital A,48,92.38000011444092
OUTTAKES STRAWBERRY YOGURT AND GRAN PARFAIT,Hospital B,22,91.77000021934509
CINNAMON ROLL,Hospital B,14,91.2899980545044
CHIPS SUN HRVST CHEDDAR,Hospital B,63,90.34999907016754
BOOM CHICKA POP WHITE CHEDDAR,Hospital A,59,90.34999907016754
JUICE SIMPLY ORANGE JUICE 11.5,Hospital A,28,89.74999785423279
OAK FARMS FAT FREE HALFPINT,Hospital B,87,89.54000186920166
NESTLE WATER,Hospital A,62,89.40000057220459
VANILLA PUDDING PARFAIT,Hospital A,14,88.56000137329102
GOURMET CUPCAKES7.99,Hospital B,11,87.8899974822998
KING CONE CHOCO VANILLA,Hospital A,29,86.70000314712524
DUNKIN DONUTS MOCHA,Hospital B,25,86.23999977111816
CEREAL BOX,Hospital A,87,86.13000082969666
MILK TRUMOO CHOCOLATE 8OZ,Hospital B,74,85.14000082015991
DEEP RIVER CHIPS SEA SALT VINEGAR,Hospital A,30,84.66000032424927
DOLCETTO COOKIES & CREAM,Hospital A,47,81.95000004768372
LEMON WAFER BITES,Hospital A,50,79.9799976348877
CUBEPUMPKIN SPICE PRETZEL,Hospital B,19,79.83999633789062
TUNA ON WHEAT,Hospital A,19,79.80000019073486
GRABEEZ SUNBURST,Hospital A,20,79.80000019073486
TGF SWEET HEAT,Hospital A,21,75.81000018119812
WATER VITAMINWATER POWER C DRAGONFRUIT 20OZ,Hospital B,19,75.23999691009521
CRANBERRY BLONDIE,Hospital A,51,75.0599993467331
BOTTLE POWERADE ION4 MOUNTAIN BLAST 20OZ,Hospital A,17,74.4600019454956
DOG TREATS,Hospital B,52,74.25000023841858
BOTTLE FANTA STRAWBERRY 20OZ,Hospital B,50,74.18999862670898
HOME FREE LEMON BURST,Hospital A,33,74.09000325202942
BROWNIE BRITTLE SALTED CARAMEL,Hospital A,22,73.2900002002716
DEEP RIVER CHIPS MESQUITE BBQ 2OZ,Hospital A,26,72.21000027656555
BROOKSIDE DC POMEGRANATE,Hospital A,11,71.93999862670898
IMPOSSIBLE BURGER,Hospital B,11,71.91999816894531
GRAIN BOWL,Hospital A,16,71.90999794006348
BAR LUNA CARAMEL NUT BROWNIE 1.69OZ,Hospital B,21,71.76000046730042
KIND CHOCOLATE SEA SALT,Hospital B,25,71.76000022888184
PIZZA 1 SLICE MULTIPLE TOPPINGS,Hospital B,25,70.09999990463257
ICE CREAM STRAWBERRY SHORTCAKE,Hospital A,25,69.94000148773193
SNICKERS TREE,Hospital A,47,69.49999928474426
IMP -NATURE VALLEY CRUNCHY OATS & HONEY,Hospital B,50,68.9099988937378
DUNKIN MOCHA,Hospital B,25,67.3399977684021
NUT HARVEST NUT & FRUIT,Hospital B,27,67.23000025749207
CHOCOLATE PRETZELS,Hospital A,19,66.31000018119812
FRIED PICKLES,Hospital A,13,65.9100022315979
GRAPES & CHESSES CUP,Hospital B,13,65.87999725341797
SAUSAGE AND EGG BURRITO,Hospital A,15,65.84999799728394
TURKEY MELT,Hospital B,16,65.44000244140625
GERMAN BRATWURSTS,Hospital A,24,64.74999785423279
BAR 10TH TEE CRANBERRY TRAIL MIX,Hospital A,18,63.84000015258789
TWIZZLERS TWISTS,Hospital B,28,63.68000030517578
CORN DOGS,Hospital A,30,63.68000030517578
ONDEMAND GRILLED CHICKEN SANDWICH,Hospital A,6,61.67999839782715
DANNON OIKOS PLAIN,Hospital B,36,60.85999870300293
ONDEMAND CHICKEN CAESAR SALAD,Hospital A,3,60.65999794006348
BOTTLE POWERADE ION4 FRUIT PUNCH 20OZ,Hospital A,16,60.47999954223633
PRETZEL BLEND,Hospital A,14,60.05999946594238
WHITE CHOCOLATE POPCORN,Hospital A,13,59.89999771118164
CRANBERRY BLEND MIX,Hospital A,11,59.89999771118164
TGF WHOLE RAW ALMONDS 4.25OZ,Hospital A,11,59.89999771118164
BAR LUNA CHOCOLATE PEPPERMINT,Hospital B,22,59.53999900817871
BISQUIT SANDWICH,Hospital B,34,59.1800012588501
FSTG MULTIGRAIN,Hospital B,29,57.71000027656555
ICE CREAM GOOD HUMOR OREO,Hospital A,22,57.27000021934509
CRANBERRY COOKIE,Hospital A,50,56.680001735687256
KIND PLUS POM/BLBRY/PIST/ANTIOX,Hospital A,20,56.49000120162964
IMP-MARICH SEA SALT CARAMEL,Hospital A,22,56.49000120162964
KOOL RANCH KALE CHIPS,Hospital A,11,55.84000039100647
 HOME FREE GF COOKIE CHOC CHIP,Hospital A,32,55.77000188827515
HARD BOILED EGGS,Hospital B,29,55.72000026702881
RX BLUEBERRY,Hospital A,10,54.889997482299805
BOTTLE COKE ZERO CHERRY 20OZ,Hospital A,31,54.80999958515167
TACO COMBO,Hospital A,2,53.939998626708984
HONEY DEW CUP,Hospital B,19,53.82000017166138
THINK THIN SALTED CARAMEL,Hospital A,17,53.82000017166138
ENTREE 4.89,Hospital A,16,53.78999853134155
PATIENT GUEST MEAL,Hospital B,6,52.5
TGF SUNSHINE BLEND,Hospital A,15,52.35000014305115
OUTTAKES HAM AND CHEESE ON WHEAT,Hospital A,14,51.87000012397766
DONUT HOLES,Hospital A,16,50.880001068115234
RX PEANUT BUTTER CHOCOLATE,Hospital A,10,49.89999771118164
MINUTE MAID PEACH MANGO,Hospital B,28,49.13999962806702
BAR KIND MADAGASCAR VANILLA ALMOND,Hospital A,18,48.829999685287476
BAR LUNA LEMON ZEST,Hospital B,18,48.730000019073486
KLONDIKE CHOCO TACO,Hospital A,18,48.42000102996826
GERMAN BRATWURST COMBO,Hospital A,13,47.88000011444092
PEPPERONI PIZZA,Hospital A,3,46.6800012588501
ENERGY COCA-COLA 12OZ,Hospital A,29,46.53999900817871
GOOD HUMOR OREO CONE,Hospital A,15,46.2400016784668
BEANFIELDS HIMALAYAN SALT & VINEGAR,Hospital B,18,45.79999899864197
PIZZA PERSONAL ROASTED VEGGIE,Hospital B,9,44.90999794006348
SOFTER THAN BRITTLE PECAN,Hospital A,11,44.89999771118164
ONDEMAND CHEESEBURGER,Hospital A,8,44.200000286102295
CURLY FRIES,Hospital A,22,43.78000020980835
ONDEMAND CHICKEN TENDERS,Hospital A,4,43.4399995803833
MARICH TOFFEE ALMONDS,Hospital A,16,43.040000915527344
GIANT CANDY BOX,Hospital A,12,42.39999842643738
TATOR TOTS COMBO,Hospital A,6,41.939998626708984
B&J FISH FOOD,Hospital A,7,41.92999839782715
CANDY LINDT LINDOR CARAMEL STICKS 1.3OZ,Hospital A,11,41.860000133514404
CLIF BAR CHOCOLATE BROWNIE,Hospital A,14,41.21999931335449
BAGEL,Hospital B,9,40.560001373291016
BUTTER,Hospital A,4,39.84000015258789
BAGELS,Hospital A,7,38.2400016784668
MARICH ENGLISH TOFFEE CARAMELS,Hospital A,15,37.660000801086426
DISCOUNTED CAESAR SALAD,Hospital A,13,36.269999504089355
GRABEEZ SWEET CAROLINE 5.25OZ,Hospital A,9,35.91000008583069
IMP-ICE CREAM BEN AND JERRYS CHUBBY HUBBY,Hospital A,5,34.94999885559082
STREET TACO,Hospital A,5,34.90000009536743
WHOLE FRUIT 1 PC,Hospital B,33,34.65000033378601
SAUSAGE GRAVY,Hospital B,51,34.509999454021454
PIZZA PERSONAL SPECIAL,Hospital B,9,33.540000915527344
CARNIVAL NACHOS COMBO,Hospital A,5,31.959999084472656
 KETO CHOC CHIP,Hospital A,5,31.449999809265137
BOOM CHICKA POP REAL BUTTER,Hospital A,19,30.579999685287476
BREAKFAST BURRITO LARGE,Hospital A,7,29.94999885559082
PRETZEL & POPCORN,Hospital A,7,29.939998626708984
SNACK BOX 4,Hospital B,15,29.850000143051147
CHIPS STACEYS PITA PARM GARLIC HERB,Hospital B,20,29.18999969959259
KLONDIKE BAR,Hospital A,17,28.730000972747803
TABASCO SAUCE,Hospital B,12,28.71000051498413
CLIFF-PEANUT BUTTER & HONEY,Hospital A,7,27.920000076293945
KALE CHIPS 4OZ ORIGINAL,Hospital A,8,26.91000008583069
BAR KIND PLUS DARK CHOC CHERRY CASHEW,Hospital A,8,26.91000008583069
ADD GRAVY,Hospital B,55,26.46000051498413
CHAI HOT CHOCOLATE,Hospital A,10,25.899999141693115
ENSURE SURGERY,Hospital A,1,25.5
BAKED SNACK,Hospital A,15,25.059999465942383
CUBE SWEET HRAVEST,Hospital A,5,24.94999885559082
SANDWICH BFK BISCUIT BITES,Hospital A,4,24.94999885559082
CHOBANI-VANILLA YOGURT,Hospital A,9,24.90000009536743
THINK! THIN BAR CHNKY PNUT BTR,Hospital B,10,24.90000009536743
GREEK YOGURT PRETZELS,Hospital A,7,24.430000066757202
MACARONI BOWL,Hospital A,3,23.969999313354492
NUTELLA,Hospital A,2,23.959999084472656
BAR NUTRI GRAIN STRAWBERRY,Hospital B,21,23.760000228881836
SALAD CAPRESE,Hospital B,3,22.469999313354492
DISCOUNTED SMALL SALADS,Hospital A,16,22.350000143051147
BOTTLE FANTA PINEAPPLE 20OZ,Hospital B,13,21.479999542236328
ONDEMAND CHEESE QUESADILLA,Hospital A,2,21.140000343322754
GRILL TOPPING,Hospital A,38,21.070000410079956
CHIPS STACYS PITA NKD,Hospital B,14,20.84999978542328
DSMCUT GUEST TRAY,Hospital A,8,20.78999948501587
SNACK BOX,Hospital B,3,19.959999084472656
GERMAN BRATWURST,Hospital A,8,19.739999771118164
CARNIVAL CUPCAKE,Hospital A,10,19.6899995803833
PANCAKE MIX BULK,Hospital B,5,19.559999465942383
TROPICAL BAG BUFFALO NUTS W/RANCH(1),Hospital A,7,19.52999973297119
COOKIE,Hospital A,27,18.96000051498413
 KETO SNICKERDOODLE,Hospital A,3,18.869999885559082
POTATO VEG,Hospital B,7,17.969999313354492
 CAFE KITCHEN PASTA,Hospital A,8,17.969999313354492
TURTLE DOVES,Hospital A,10,17.490000367164612
FOUNTAIN DRINK 16OZ,Hospital B,17,16.90000057220459
IMP- LAYS KETTLE COOKED JALAPENO 1.38 OZ,Hospital B,12,16.679999828338623
SAUSAGE LINK,Hospital A,14,16.660000801086426
ENGLISH MUFFIN,Hospital B,16,16.55999994277954
SNACK BOX MEDITERRANEAN DIPPER,Hospital B,3,16.469999313354492
ENTREE VEGETARIAN,Hospital A,2,16.360000610351562
NATURE VALLEY PEANUT BUTTER,Hospital A,15,15.84000015258789
BAR NUTRI GRAIN APPLE CINNAMON,Hospital B,15,15.84000015258789
HOT CHOCOLATE 12OZ,Hospital B,10,15.519999504089355
IMP-BABY RUTH,Hospital B,12,15.289999842643738
CHIPS MISS VICKIES BBQ 1 3/8OZ,Hospital B,12,15.289999842643738
MEDITERREAN SALAD,Hospital A,2,14.979999542236328
PRETZEL,Hospital B,5,14.950000047683716
BAK -LEMON CAKE,Hospital B,8,14.940000057220459
CUPCAKE,Hospital B,5,14.940000057220459
YOGURT YOPLAIT LIGHT STRAWBERRY,Hospital B,5,14.900000095367432
ONDEMAND GR. CHX CHEESE QUESADILLA,Hospital A,3,14.820000171661377
GRL -MONTE CARLO SANDWICH,Hospital B,4,14.369999885559082
SUN CHIPS CHEDDAR,Hospital B,13,14.280000686645508
CHICKEN WING COMBO,Hospital A,3,13.979999542236328
HONEY 12 OZ,Hospital B,5,13.949999809265137
CHOCOLATE CHIP MINT COOKIES,Hospital A,18,13.569999396800995
SMALL CANDY BOX,Hospital A,9,13.410000085830688
DEVIL EGGS,Hospital A,8,12.720000267028809
BOTTLE FANTA GRAPE 20OZ,Hospital B,7,12.529999732971191
V8 ORIGINAL,Hospital A,9,12.509999871253967
ONDEMAND LOADED PEPPERONI PIZZA,Hospital A,1,12.020000457763672
SWORDFISH,Hospital B,6,11.979999542236328
WHOLE LOAF,Hospital B,5,11.979999542236328
OMELET CHEESE,Hospital B,8,11.97000002861023
TROPICAL VEGETABLE CHIPS,Hospital A,3,11.97000002861023
CUBE SWEET HOLIDAY,Hospital A,6,11.940000057220459
ONDEMAND VEGGIE WRAP,Hospital A,1,11.760000228881836
BUFFLO CHXN PIZZA,Hospital A,3,11.670000314712524
BARBACOA,Hospital B,14,11.449999809265137
CROISSANT PLAIN,Hospital B,2,11.339999914169312
SIDE.99,Hospital B,13,10.890000104904175
AVOCADO,Hospital B,2,10.739999771118164
RECHARGE CHIA STIX,Hospital A,3,10.47000002861023
CHOLULA HOT SAUCE,Hospital B,5,10.449999570846558
PEANUT BUTTER JAR,Hospital A,2,10.289999961853027
DESSERT,Hospital B,4,9.950000047683716
SUB EGG WHITES,Hospital B,13,9.900000095367432
GRITS SMALL,Hospital A,11,9.900000095367432
PIZZA 1 SLICE VEGGIE,Hospital A,3,9.869999885559082
BAR BUTTERFINGER2,Hospital B,7,9.029999732971191
THANKSGIVING MEAL1,Hospital B,1,8.989999771118164
IMP- SOFTER THAN BRITTLE PEANUT,Hospital A,2,8.979999542236328
FLAN,Hospital B,2,8.97000002861023
WATER DASANI 20OZ,Hospital A,2,8.940000057220459
BAR NUTRI GRAIN BLUEBERRY,Hospital B,6,8.910000085830688
YEAST INSTANT,Hospital B,3,8.670000314712524
SPECIALTY BURGER,Hospital A,5,8.579999923706055
PASTA BULK,Hospital B,4,8.579999923706055
RICE BAG,Hospital A,1,8.489999771118164
PIZZA ROLLS,Hospital A,5,8.070000171661377
GARLIC FRIES,Hospital A,7,8.070000171661377
ADD MEAT,Hospital A,3,7.980000019073486
PINTO BEAN DRIED,Hospital B,5,7.950000047683716
FRITTATA,Hospital B,1,7.579999923706055
SALAD TACO,Hospital A,1,7.489999771118164
HOT CHEETO POPCORN,Hospital A,5,7.450000047683716
LADY FINGERS,Hospital A,6,7.450000047683716
SUGAR BULK,Hospital B,5,7.179999828338623
KING CONE VANILLA,Hospital A,3,7.140000343322754
DINNER ROLL,Hospital A,9,7.019999742507935
B&JCHOCOCHIPCOOKIE,Hospital A,1,6.989999771118164
 CAFE KITCHEN CHICKEN,Hospital A,4,6.989999771118164
PLAYTEX 8 COUNT,Hospital B,2,6.980000019073486
CHIP BAKED LAYS BBQ,Hospital B,4,6.949999928474426
BAR NUTRI GRAIN RASPBERRY,Hospital B,7,6.930000066757202
 GUEST TRAY 7.50,Hospital A,1,6.929999828338623
HOLIDAY MEAL-GUEST,Hospital A,1,6.929999828338623
ONDEMAND BUFFALO CHICKEN WRAP,Hospital A,1,6.670000076293945
FRENKS HOT SAUCE,Hospital B,3,6.570000171661377
REFILL / KID CUP,Hospital A,5,6.5400002002716064
WATER VITAMINWATER ZERO XXX 20OZ,Hospital B,3,6.269999742507935
VALENTINA HOT SAUCE,Hospital B,7,6.229999899864197
FOUNTAIN DRINK 24OZ,Hospital B,7,6.169999837875366
NUTELLA LARGE,Hospital B,2,5.989999771118164
SANDWICH HAWAIIN HAM & CHEESE,Hospital B,1,5.989999771118164
PORTOBELLA BURGER,Hospital A,3,5.989999771118164
MUFFIN JUMBO,Hospital B,1,5.980000019073486
MINUTEMAID TROPICAL,Hospital B,3,5.669999957084656
IMP-SKITTLES,Hospital A,4,5.559999942779541
ONDEMAND CHEETOS,Hospital A,1,5.559999942779541
ONDEMAND LAYS BAKED,Hospital A,1,5.559999942779541
POP TARTS FROSTED STRAWBERRY 3.6OZ,Hospital A,5,5.450000166893005
HOT TEA REGULAR,Hospital B,6,5.369999885559082
FLOUR BULK,Hospital B,3,5.070000171661377
BREAD SLICE,Hospital B,10,5.069999814033508
ADD ON4.99,Hospital B,1,4.989999771118164
RX CHOCOLATE SEA SALT,Hospital A,1,4.989999771118164
SNACK BOX SIMPLY EGGS,Hospital A,1,4.989999771118164
CHIPS TERRA SWEET POTATO,Hospital A,2,4.980000019073486
SRIRACH SAUCE,Hospital B,2,4.980000019073486
PANCAKE MIX,Hospital A,1,4.889999866485596
A1 STEAK SAUCE,Hospital B,2,4.78000020980835
GRITS MEDIUM,Hospital A,8,4.770000100135803
BROTH PACKET,Hospital B,1,4.489999771118164
CORE POWER HP MILK SHAKE STRAW BANANA 14,Hospital B,1,4.090000152587891
3 MUSKETEERS,Hospital A,4,4.069999933242798
A LA CARTE TACO,Hospital B,5,3.990000009536743
GRABEEZ GUMMI BEARS,Hospital A,1,3.990000009536743
ICED COFFEE 20OZ,Hospital A,2,3.9800000190734863
CUP PAPER OR PLASTIC,Hospital A,7,3.799999952316284
DISCOUNTED SALADS,Hospital A,6,3.7899999618530273
ONDEMAND FRENCH FRIES,Hospital A,1,3.5799999237060547
GRITS CANISTER,Hospital A,2,3.5799999237060547
SOUP INDIVIDUAL,Hospital B,2,3.559999942779541
OATMEAL PKT,Hospital B,1,3.490000009536743
DOZEN EGGS,Hospital A,2,3.390000104904175
TORTILLAS,Hospital A,3,3.180000066757202
BLUEBERRY PANCAKE,Hospital A,1,3.180000066757202
APPLES,Hospital A,2,3.1600000858306885
BANANAS3IB,Hospital B,1,2.990000009536743
HAM STEAK OR SLICE,Hospital A,6,2.990000009536743
BREAD LOAF,Hospital A,2,2.890000104904175
SAUSAGE TURKEY,Hospital A,2,2.7799999713897705
ONDEMAND LAYS BBQ,Hospital A,1,2.7799999713897705
RESTRICTED,Hospital A,1,2.5899999141693115
GREEN APPLES 3IB,Hospital B,1,2.490000009536743
CHIP TERRAN BLUES,Hospital A,1,2.490000009536743
RED APPLES3IB,Hospital B,1,2.390000104904175
GRANOLA BAR BOX,Hospital A,1,2.390000104904175
RUSSET POTATOES5IB,Hospital B,2,2.2899999618530273
32 OZ,Hospital B,2,2.2899999618530273
ORANGES 3IB,Hospital B,1,2.190000057220459
HEINZNS 57 SAUCE,Hospital B,2,2.0899999141693115
HOUSE KETTLE CHIPS,Hospital B,2,1.9900000095367432
SALT,Hospital B,2,1.8899999856948853
CEREAL HOT 12OZ,Hospital B,1,1.8899999856948853
LOUISANA SAUCE,Hospital B,2,1.7799999713897705
STRWBRRY FRENCH TOAST,Hospital A,4,1.590000033378601
ORANGES,Hospital A,1,1.5800000429153442
DEEP RIVER CHIPS ZESTY JALAPENO 2OZ,Hospital B,1,1.3899999856948853
CHIP CHEETOS CRNCHYHOT LIME,Hospital B,1,1.3899999856948853
CEREAL BOX RAISIN BRAN 1.52OZ,Hospital A,1,0.9900000095367432
KELLOGGS CEREAL FROSTED FLAKES,Hospital B,1,0.9900000095367432
ADDITIONAL TOPPING,Hospital A,3,0.9800000190734863
PORTION CUP SALAD DRESSING,Hospital B,1,0.9800000190734863
ADD CONDIMENT,Hospital B,19,0.9000000357627869
ADD GUACAMOLE,Hospital A,2,0.7900000214576721
ONDEMAND EXTRA SAUCE?,Hospital A,2,0.5799999833106995
TOILET PAPER ROLL,Hospital B,2,0.38999998569488525
CRACKERS,Hospital B,1,0.1899999976158142
